{"cameraMode":{"drawMode":0,"name":"Shaded","section":"Shading Mode"},"sceneLighting":false,"audioPlay":false,"sceneViewState":{"m_AlwaysRefresh":false,"showFog":false,"showSkybox":false,"showFlares":false,"showImageEffects":false,"showParticleSystems":false,"showVisualEffectGraphs":true,"m_FxEnabled":true},"in2DMode":false,"pivot":{"x":-1.1031770706176758,"y":-0.02472754567861557,"z":-2.7921741008758547},"rotation":{"x":-0.003812729148194194,"y":0.9809298515319824,"z":-0.01943856291472912,"w":-0.19344404339790345},"size":1.787482500076294,"orthographic":false}